id,lcc,name
CU,0,Cubana de Aviación
UJ,0,AlMasria Universal Airlines
OUIBUS,0,Ouibus
SAGALES,None,Sagales
EUROLINES,0,Eurolines
XW,1,NokScoot
XX,0,Greenfly
ISILINES,0,Isilines
7H,1,Ravn Alaska
NOMAGO,None,Nomago
WR,1,WestJet Encore
CY,0,Cyprus Airways
FLIXTRAIN,0,Flixtrain
P2,1,Air Kenya
JY,0,interCaribbean Airways
VV,0,Viva Air
ND,0,FMI Air
FLIBCO,0,Flibco shuttle
X4,0,Alaska Seaplanes X4
BUTAAIR,1,Buta Airways
2P,1,PAL Express
LONGTEST,0,Long iata code test
UU,0,Air Austral
SZS,None,Scandinavian Airlines Ireland
AUTOSTRAD,None,Autostradale
UA,0,United Airlines
V0,1,Conviasa
D7,0,AirAsia X
QV,0,Lao Airlines
XJ,0,Thai AirAsia X
2N,1,NextJet
SR,0,Sundair
AH,0,Air Algerie
Y4,1,Volaris
TQ,0,Tandem Aero
AG,0,Aruba Airlines
RM,0,Armenia Aircompany
NATEXPRESS,0,National Express
A0,1,Avianca Argentina
JG,1,JetGo
M8,1,SkyJet Airlines
M0,1,Aero Mongolia
GREYHOUND,0,Greyhound
S0,1,Aerolinas Sosa
GU,1,Avianca Guatemala
5T,0,Canadian North
6D,0,Pelita
PQ,0,SkyUp Airlines
W3,0,Arik Air
0B,1,Blue Air
RT,0,JSC UVT Aero
PE,0,People's Viennaline PE
CHIHUAHUEN,None,Transportes Chihuahuenses
S9,0,Starbow Airlines
ALSA,0,Alsa
D4,0,Aerodart
LQ,1,Lanmei Airlines
A6,0,Hongtu Airlines
SNCB,0,SNCB
2A,0,Deutsche Bahn
8G,0,Mid Africa Aviation
9P,1,Air Arabia Jordan
8B,0,TransNusa
LA,0,LATAM Airlines
AD,1,Azul
Y2,0,AirCentury
VT,0,Air Tahiti
KS,0,Peninsula Airways
MV,0,Air Mediterranean
KB,0,Druk Air
SX,0,SkyWork Airlines
DI,0,Norwegian Air UK
OV,1,SalamAir
GA,0,Garuda Indonesia
LH,0,Lufthansa
JI,0,Meraj Air
PR,0,Philippine Airlines
QF,0,Qantas
SV,0,Saudi Arabian Airlines
3I,0,Air Comet Chile
99,0,Ciao Air
QA,0,Click (Mexicana)
9J,0,Dana Airlines Limited
A2,0,Astra Airlines
SF,0,Tassili Airlines
F3,0,Flyadeal
FLIXBUS,0,Flixbus
ICBUS,0,IC Bus
DEINBUS,0,DeinBus
ORESUNDST,0,Oresundstag
LEBUSDIR,0,Le Bus Direct
GX,1,GX airlines
XU,1,African Express
B4,0,ZanAir
CD,0,Corendon Dutch Airlines B.V.
TRANSFERO,0,Transfero
J5,0,Alaska Seaplane Service
4C,0,LATAM Colombia
T0,0,TACA Peru
MI,0,SilkAir
UQ,0,Urumqi Airlines
L7,0,Lugansk Airlines
YW,0,Air Nostrum
NT,1,Binter Canarias
XQ,1,SunExpress
ZE,1,Eastar Jet
Y7,1,NordStar Airlines
HG,0,Niki
REGIOJETT,0,Regiojet Train
LT,0,LongJiang Airlines
XM,0,Alitalia Express
4D,0,Air Sinai
FK,0,Africa West
PM,0,Canary Fly
2U,0,Air Guinee Express
A7,0,Calafia Airlines
00,1,Anadolujet
GG,0,Air Guyane
9U,0,Air Moldova
FL,0,AirTran Airways
7F,0,First Air
TE,0,FlyLal
FZ,1,Fly Dubai
IN,0,Nam Air
OA,0,Olympic Air
QR,0,Qatar Airways
RJ,0,Royal Jordanian
SE,1,XL Airways France
UG,0,TunisAir Express
WF,0,Widerøe
11,0,TUIfly (X3)
S1,0,Serbian Airlines
W7,0,Austral Brasil
II,0,LSM International 
HN,0,Hankook Airline
NP,0,Nile Air
M1,0,Maryland Air
ZM,0,Air Manas
M2,0,MHS Aviation GmbH
DJ,1,AirAsia Japan
IRCITYLINK,None,Irish Citylink
OO,0,SkyWest
GL,0,Air Greenland
VRG,1,Voyage Air
WI,0,White Airways
NN,1,VIM Airlines
GK,0,Jetstar Japan
NY,1,Air Iceland Connect
4Z,0,Airlink (SAA)
PT,0,Red Jet Andes
H1,0,Hahn Air
LS,1,Jet2
HA,0,Hawaiian Airlines
PP,0,Air Indus
I8,0,Izhavia
W8,0,Cargojet Airways
EI,1,Aer Lingus
ZT,0,Titan Airways
4T,0,Belair
E5,0,Air Arabia Egypt
K2,0,EuroLot
LP,0,LATAM Peru
I0,None,LEVEL operated by Iberia
KO,0,Komiaviatrans
PK,0,Pakistan International Airlines
VE,0,VE
LEOEXT,None,LEOEXPRESS Train
TC,0,Air Tanzania
PJ,0,Air Saint Pierre
2I,1,Star Peru
IQ,0,Qazaq Air
VL,0,Med-View Airline
LEOEXB,None,LEOEXPRESS Bus
8Q,1,Onur Air
U8,0,TUS Airways
KJ,0,British Mediterranean Airways
UI,0,Auric Air
BN,0,Horizon Airlines
LI,0,Leeward Islands Air Transport
LG,0,Luxair
O7,0,Orenburzhye Airline
NE,0,Nesma Air
QT,0,TAMPA
ZH,0,Shenzhen Airlines
Z4,0,Zoom Airlines
WZ,1,Red Wings
N7,0,Nordic Regional Airlines
FIUMICINO,None,Fiumicino express
WO,0,Swoop
3J,0,Jubba Airways
MARINO,0,Marino Bus
U1,0,Aviabus
0X,0,Copenhagen Express
3E,0,Air Choice One
MK,0,Air Mauritius
EXPRTRANS,None,Express transfer
AP,0,AlbaStar
TERAVSN,None,Terravision
MU,0,China Eastern Airlines
7E,0,Sylt Air
CT,0,Alitalia Cityliner
OF,0,Overland Airways
RC,0,Atlantic Airways
PS,0,Ukraine International Airlines
FN,1,Fastjet
LU,0,LAN Express
W9,0,Wizz Air UK
A5,1,HOP!
AC,0,Air Canada
PD,1,Porter Airlines
3O,0,Air Arabia Maroc
BD,0,Cambodia Bayon Airlines
B9,0,Air Bangladesh
5Y,0,Atlas Air
6G,0,Air Wales
6K,0,Asian Spirit
R7,0,Aserca Airlines
FV,0,Rossiya-Russian Airlines
VU,0,Air Ivoire
CV,0,Air Chathams
D9,0,Aeroflot-Don
NM,0,Air Madrid
FJ,0,Fiji Airways
JS,0,Air Koryo
MD,0,Air Madagascar
8D,0,Astair
OT,0,Aeropelican Air Services
RE,0,Stobart Air
5L,0,Aerosur
Z3,0,Avient Aviation
EC,0,Avialeasing Aviation Company
2K,0,Aerolineas Galapagos (Aerogal)
ZL,1,Regional Express
J8,0,Berjaya Air
WX,0,CityJet
MS,0,Egyptair
IO,1,IrAero
LR,0,LACSA
IT,0,Tigerair Taiwan
AS,0,Alaska Airlines
SY,1,Sun Country Airlines
7G,1,Star Flyer
2L,0,Helvetic Airways
CITYLINK,None,Citylink
BF,0,French Bee
FB,0,Bulgaria Air
OI,0,Orchid Airlines
KR,0,Cambodia Airways
I5,0,AirAsia India
EO,0,Express One International
ZK,0,Great Lakes Airlines
LV,0,Level
8N,0,Regional Air Services
QI,0,Cimber Air
JJ,0,LATAM Brasil
OU,0,Croatia Airlines
OPENSKIES,1,Openskies
NF,0,Air Vanuatu
GS,0,Tianjin Airlines
EN,0,Air Dolomiti
AJ,0,Aero Contractors
BS,0,British International Helicopters
APPENINO,None,Appenino shuttle 
KF,0,Air Belgium
CH,0,Bemidji Airlines
8E,0,Bering Air
B2,0,Belavia Belarusian Airlines
HR,0,Hahn Airlines
C9,1,SkyWise
DQ,0,Coastal Air
6A,0,Consorcio Aviaxsa
SS,0,Corsair International
YK,0,Avia Traffic Airline
DO,0,Dominicana de Aviaci
E3,0,Domodedovo Airlines
H7,0,Eagle Air
QU,0,East African
T3,0,Eastern Airways
UZ,0,El-Buraq Air Transport
B8,0,Eritrean Airlines
EA,0,European Air Express
JN,0,JOON
TA,0,Grupo TACA
GF,0,Gulf Air Bahrain
HU,0,Hainan Airlines
2T,0,TruJet
4R,0,Renfe
TY,0,Air Caledonie
VX,1,Virgin America
L8,0,Line Blue
LEOEXM,0,LEOEXPRESS Minibus
5U,0,Transportes Aéreos Guatemaltecos
TS,0,Air Transat
P7,0,Small Planet Airline
EH,0,ANA Wings
8I,0,MyAir
SQ,0,Singapore Airlines
XK,0,Air Corsica
FW,0,Ibex Airlines
D2,1,Severstal Air Company
I7,0,Int'Air Iles
XT,0,Indonesia AirAsia X
LO,0,LOT Polish Airlines
AY,0,Finnair
UD,0,Hex'Air
EY,0,Etihad Airways
RZ,0,Sansa Air
4G,0,Gazpromavia
A9,0,Georgian Airways
QB,0,Georgian National Airlines
G0,0,Ghana International Airlines
G7,0,GoJet Airlines
IC,0,Indian Airlines
D6,0,Interair South Africa
RQ,0,Kam Air
KV,0,Kavminvodyavia
M5,0,Kenmore Air
Y9,0,Kish Air
7K,0,Kogalymavia Air Company
GW,0,Kuban Airlines
NG,0,Lauda Air
LN,0,Libyan Arab Airlines
MP,0,Martinair
MZ,0,Merpati Nusantara Airlines
YV,0,Mesa Airlines
MX,0,Mexicana de Aviaci
YX,0,Republic Airline
MY,0,Midwest Airlines (Egypt)
2M,0,Maya Island Air
3R,0,Moskovia Airlines
M9,0,Motor Sich
NC,0,National Jet Systems
ON,0,Nauru Air Corporation
WY,0,Oman Air
8P,0,Pacific Coastal Airline
PY,0,Surinam Airways
SZ,0,Somon Air
RL,0,Royal Falcon
U4,0,Buddha Air
BU,0,Baikotovitchestrian Airlines 
8J,0,Eco Jet
LUFTHBUS,None,Lufthansa express bus
YB,1,BoraJet
LM,0,LoganAir LM
PI,0,Polar Airlines
9B,0,AccesRail
I9,0,Air Italy
V7,1,Volotea
ESTLOREK,None,EST Lorek
GZ,0,Air Rarotonga
OK,0,Czech Airlines
MQ,0,Envoy Air as American Eagle
SLOVAKLNS,None,Slovak Lines 
5G,0,MAYAir
PH,0,Polynesian Airlines
Z2,0,Philippines AirAsia
RH,0,Republic Express Airlines
IK,0,Pegas Fly
3P,0,Tiara Air
NU,0,Japan Transocean Air
RA,0,Nepal Airlines
KE,0,Korean Air
7B,0,Fly Blue Crane
CG,0,PNG Air
EJ,0,New England Airlines
U7,0,Northern Dene Airways
J3,0,Northwestern Air
O6,0,Avianca Brazil
O2,0,Oceanic Airlines
OY,0,Andes Líneas Aéreas
PV,0,PAN Air
PU,0,Plus Ultra Lineas Aereas
LW,0,Latin American Wings
9E,0,Endeavor Air
BK,0,Okay Airways
5M,0,Sibaviatrans
SJ,0,Sriwijaya Air
ZS,0,Sama Airlines
FT,0,FlyEgypt FT
FS,0,Servicios de Transportes A
SD,0,Sudan Airways
RB,0,Syrian Arab Airlines
S5,0,Shuttle America
FQ,0,Thomas Cook Airlines
GE,0,TransAsia Airways
VR,0,TACV
HK,0,Yangon Airways
EXPRESSBUS,None,ExpressBus
XZ,0,Congo Express
J4,0,ALAK
GM,0,Germania Flug
G4,1,Allegiant Air
EK,0,Emirates
BY,1,TUI Airways
IY,0,Yemenia
G6,0,Air Volga
Q2,0,Maldivian
KW,0,Carnival Air Lines
S6,0,Sunrise Airways
VS,0,Virgin Atlantic Airways
LZ,0,belleair
WD,0,Amsterdam Airlines
JH,0,Fuji Dream Airlines
8F,0,STP Airways
QQ,0,Alliance Airlines
MN,1,Kulula
BB,0,Seaborne Airlines
A4,0,Azimuth
HZ,0,Aurora Airlines
EQ,0,TAME
DT,0,TAAG Angola Airlines
PZ,0,LATAM Paraguay
AX,0,Trans States Airlines
3T,0,Turan Air
U5,0,USA3000 Airlines
UF,0,UM Airlines
US,0,US Airways
TV,0,Tibet Airlines
2W,0,Welcome Air
8O,0,West Coast Air
IV,0,Wind Jet
MF,0,Xiamen Airlines
9Y,0,Air Kazakhstan
B7,0,Uni Air
YD,0,Gomelavia
7Y,0,Mann Yadanarpon Airlines
4L,0,Euroline
ZF,0,Azur Air
DZ,0,Donghai Airlines
6P,0,Gryphon Airlines
JR,0,Joy Air
9H,0,Air Changan
47,0,88
UR,0,Azur Air Germany
TI,0,Tailwind Airlines
NO,1,Neos Air
5F,1,Fly One
OKBUS,None,OK bus
KT,0,VickJet
H5,0,I-Fly
G5,0,China Express Airlines
D1,0,Domenican Airlines
C4,0,LionXpress
YM,0,Montenegro Airlines
P8,0,Air Mekong
VG,0,VLM Airlines
YQ,0,TAR Aerolineas
SVENSKABUS,None,Svenska Buss
4Q,0,Safi Airlines
7Q,0,Elite Airways
V6,0,VIP Ecuador
VK,0,LEVEL operated by ANISEC
7Z,0,Halcyonair
NB,0,Sterling Airlines
ITALONTV,None,Italo NTV
1T,0,Hitit Bilgisayar Hizmetleri
7P,1,AirPanama
UM,0,Air Zimbabwe
6Y,0,SmartLynx Airlines
2Q,0,Air Cargo Carriers
OC,0,Oriental Air Bridge
TD,0,Atlantis European Airways
4P,0,Regional sky
6J,0,Solaseed Air
E4,0,Elysian Airlines
69,0,Royal European Airlines
VO,0,FlyVLM
D3,0,Daallo Airlines
ET,0,Ethiopian Airlines
IA,0,Iraqi Airways
XO,0,LTE International Airways
CE,0,Chalair
FM,0,Shanghai Airlines
7L,0,Sun D'Or
JK,0,Spanair
S3,0,SBA Airlines
UH,0,AtlasGlobal Ukraine
VI,0,Volga-Dnepr Airlines
GY,0,Colorful Guizhou Airlines
5P,0,Small Planet Airlines
M4,0,Mistral Air
3B,0,Binter Cabo Verde
HH,0,Air Hamburg (AHO)
R8,0,AirRussia
XV,0,BVI Airways
12,0,12 North
L6,0,Mauritania Airlines International
DX,0,DAT Danish Air Transport
HC,0,Air Senegal
V9,0,Star1 Airlines
STANSTDEXP,None,Stansted Express
1B,0,Abacus International
QM,0,Air Malawi
HT,0,Hellenic Imperial Airways
1I,0,NetJets
9Q,0,PB Air
SB,0,Aircalin
Q9,0,Wataniya Airways
YO,0,TransHolding System
WJ,0,JetSMART Argentina
MB,0,MNG Airlines
PL,0,Southern Air Charter
3F,0,Fly Colombia ( Interliging Flights )
ZN,0,Zenith International Airline
NH,0,All Nippon Airways
2B,0,AlbaWings
NX,0,Air Macau
4N,0,Air North
QJ,0,Jet Airways
EV,0,ExpressJet
AU,0,Austral Lineas Aereas
3G,0,Atlant-Soyuz Airlines
BG,1,Biman Bangladesh Airlines
2F,0,Frontier Flying Service
H6,0,Bulgarian Air Charter
HF,0,Air Cote d'Ivoire
ZA,0,Sky Angkor Airlines
JF,0,Jetairfly
WA,0,KLM Cityhopper
GO,0,Kuzu Airlines Cargo
L3,0,LTU Austria
HE,0,Luftfahrtgesellschaft Walter
CL,0,Lufthansa CityLine
DM,0,Maersk
R5,0,Jordan Aviation
NW,0,Northwest Airlines
O8,0,Siam Air
QO,0,Origin Pacific Airways
NI,0,Portugalia
RD,0,Ryan International Airlines
YS,0,Régional
AL,0,Skywalk Airlines
9S,0,Spring Airlines
9T,0,Transwest Air
6B,0,TUIfly Nordic
ZG,0,Grozny Avia
8Z,0,Wizz Air Hungary
YL,0,Yamal Airlines
GH,0,Globus
FU,0,Felix Airways
K1,0,Kostromskie avialinii
PO,0,Polar Airlines
JB,0,Helijet
L4,0,LASA Argentina
ZX,0,Japan Regio
CQ,0,Coastal Aviation
BQ,0,Buquebus Líneas Aéreas
VIARAILCAD,None,VIA Rail Canada
4M,0,LATAM Argentina
HI,0,Papillon Grand Canyon Helicopters
SJRAIL,None,Swedish Railways
MR,0,Homer Air
VC,0,Via Air
WQ,0,PanAm World Airways
YR,0,SENIC AIRLINES
WU,0,Jetways Airlines Limited
M7,0,MasAir
AN,0,Ansett Australia
YY,0,Virginwings
4K,0,Askari Aviation
QC,0,Camair-co
OG,0,AirOnix
8U,0,Afriqiyah Airways
FG,0,Ariana Afghan Airlines
JA,0,JetSMART
GV,0,Grant Aviation
B5,0,Fly-SAX
LF,0,FlyNordic
G8,1,Go Air
BH,0,Hawkair
8H,0,Heli France
T4,0,Hellas Jet
HW,0,Hello
L5,0,Atlas Atlantique Airlines
OM,0,MIAT Mongolian Airlines
W5,0,Mahan Air
MA,0,Malév
N5,0,Skagway Air Service
VF,0,Valuair
VP,0,VASP
4H,0,United Airways
SO,0,Salsa d\\'Haiti
DN,0,Norwegian Air Argentina
ZC,0,Korongo Airlines
78,0,Southjet cargo
WH,0,China Northwest Airlines (WH)
P4,0,Air Peace Limited
5Q,0,BQB Lineas Aereas
KG,0,Royal Airways
YH,0,Yangon Airways Ltd.
TJ,0,Tradewind Aviation
W2,0,Flexflight
Q3,0,Anguilla Air Services
KN,0,China United
CB,0,CCML Airlines
GB,0,BRAZIL AIR
N1,0,N1
OBB,None,OBB
G1,0,Indya Airline Group
M3,0,Air Norway
EZ,0,Evergreen International Airlines
"NA",0,Nesma Air
EU,0,Chengdu Airlines
SUNLINES,None,Sun lines
ZY,0,Ada Air
9I,0,Alliance Air
NS,0,Hebei Airlines
C1,0,CanXpress
EM,0,Empire Airlines
SU,0,Aeroflot Russian Airlines
HM,0,Air Seychelles
C5,0,CommutAir
C3,0,Contact Air
CS,0,Continental Micronesia
0D,0,Darwin Airline
DK,0,Eastland Air
GJ,0,Loong Air
XE,0,ExpressJet
RF,0,Florida West International Airways
RI,0,Mandala Airlines
TU,0,Tunisair
T7,0,Twin Jet
VA,1,Virgin Australia Airlines
RG,0,Rotana Jet
W1,0,World Experience Airline
ZQ,0,Locair
I6,0,Air indus
OQ,0,Chongqing Airlines
1C,0,OneChina
PA,1,Airblue
TH,0,TransBrasil Airlines
Y1,0,Yellowstone Club Private Shuttle
F1,0,Fly Brasil
1F,0,CB Airways UK ( Interliging Flights )
T6,0,Airswift Transport
N0,0,Norte Lineas Aereas
H9,0,Himalaya Airlines
6U,0,Air Cargo Germany
XB,0,NEXT Brasil
GN,0,GNB Linhas Aereas
E1,0,Usa Sky Cargo
QY,0,Red Jet Canada
4X,0,Red Jet Mexico
Y8,0,Marusya Airways
FH,0,Freebird Airlines
2D,0,Aero VIP (2D)
24,0,Euro Jet
__,0,FakeAirline
HQ,0,Thomas Cook Belgium
4B,0,BoutiqueAir
1X,0,Branson Air Express
E9,0,Evelop Airlines
DA,0,Dana Air
MEMENTO,None,MementoBus
2O,0,Island Air Kodiak
3U,0,Sichuan Airlines
5H,1,Fly540
SWISSTOURS,None,SwissTours
Q6,0,Volaris Costa Rica
EJR,None,EJR – East Japan Rail Company
XG,0,SunExpress
CI,0,China Airlines
KA,0,Cathay Dragon
HD,1,Air Do
IR,0,Iran Air
AE,0,Mandarin Airlines
Q8,0,Trans Air Congo
DG,0,CebGo
IW,0,Wings Air
ZZ,0,Zz
5E,0,SGA Airlines
F8,0,Flair Airlines
K6,0,Cambodia Angkor Air
QH,0,Bamboo Airways
LB,1,Air Costa
IZ,1,Arkia
QG,1,Citilink
VIEAPLINES,None,Vienna Airport Lines
6E,1,IndiGo Airlines
RS,0,Air Seoul
OE,1,LaudaMotion
JM,0,Jambojet
REGIOJET,0,RegioJet
ANDBUS,None,Andbus
VB,1,VivaAerobus
C7,1,Cinnamon Air
CZ,0,China Southern Airlines
FE,None,Far Eastern Air Transport
TT,1,Tiger Airways Australia
OB,1,Boliviana de Aviación
BJ,0,NouvelAir
QX,0,Horizon Air
GOOPTI,None,GoOpti
LIZ,None,Air Liaison
3C,None,Air Chathams Limited 3C
SQS,None,Susi Air
CAT,None,CAT- City Airport Train
OXFORDBUS,None,Oxford Bus Company
LPA,None,Air Leap
K8,0,Kan Air
20,0,Air Salone
TG,0,Thai Airways International
VN,0,Vietnam Airlines
SW,0,Air Namibia
O1,0,Orbit Airlines Azerbaijan
WW,1,WOW air
EE,0,RegionalJet
YE,0,Yan Air
AA,0,American Airlines
9K,1,Cape Air
RO,0,Tarom
A1,0,Atifly
9X,1,Southern Airways Express
Z9,0,Bek Air
XC,1,Corendon
AO,0,Avianova (Russia)
REGIOJETB,0,Regiojet Bus
BW,0,Caribbean Airlines
P6,0,Pascan Aviation
CC,0,CM Airlines
KM,0,Air Malta
CZECHRAIL,None,Czech Rail
OS,0,Austrian Airlines
GR,0,Aurigny Air Services
RK,0,Air Afrique
UX,0,Air Europa
WE,1,Thai Smile
QL,1,Laser Air
CJ,0,BA CityFlyer
9L,0,Colgan Air
OH,0,Comair
JE,1,Mango
P0,0,Proflight Zambia
SA,0,South African Airways
YU,0,EuroAtlantic Airways
GQ,0,Sky Express
76,0,Southjet
77,0,Southjet connect
NJ,0,Nordic Global Airlines
5K,0,Hi Fly (5K)
9M,0,Central Mountain Air
6S,0,SaudiGulf Airlines
TK,0,Turkish Airlines
WK,0,Edelweiss Air
FR,1,Ryanair
NETTBUSS,None,Nettbuss
5D,0,Aerolitoral
OLLEX,None,Ollex (express)
EF,1,EasyFly
KI,1,KrasAvia
XL,0,LATAM Ecuador
V3,0,Carpatair
SM,1,Air Cairo
R4,0,Rossiya
6T,1,Air Mandalay
ES,0,Estelar Latinoamerica
7N,0,Pawa Dominicana
RY,1,Air Jiangxi
U6,1,Ural Airlines
Z8,1,Amaszonas
PKSZCZECIN,None,PKS Szczencin
TROPOCEAN,None,Tropic Ocean Airways
ENZ,None,Jota Aviation
ATV,None,Avanti Air
A3,1,Aegean
KY,0,Kunming Airlines
7T,0,Trenitalia
2J,0,Air Burkina
CX,0,Cathay Pacific
S4,0,SATA Azores Airlines
NK,1,Spirit Airlines
Z7,1,Amaszonas Uruguay
X5,None,Air Europa express
WN,1,Southwest Airlines
P5,0,Wingo airlines
CITYBUSEXP,None,CityBusExpress
DOMO,None,Domo Swiss Express
WAGNERTRNS,None,Wagner Transport
MAROZZI,None,Marozzi
RRV,None,Mombasa Air Safari
OW,None,Skyward Express Limited
ASSALAAM,None,As Salaam Air
GLOBTOUR,None,Globtour
GOBUS,None,Gobus
GALICJAEX,None,Galicja Express
BUS4YOU,None,Bus4You
ARRIVA,None,Arriva
BUSPLANA,None,Busplana
SKANETRAF,None,Skanetrafiken
FLYTRISTAR,None,Fly Tristar Services
NSB,None,NSB
VASTTRAF,None,Vasttrafik
H3,0,Harbour Air (Priv)
LTKRONOBUS,None,LT Kronoberg
SBK,None,Blue Sky Aviation
GCS,None,Skyway CR
ULENDO,None,Fly Ulendo
GOVERNORS,None,Governors Aviation
BZ,0,Blue Bird Airways
F4,None,Air Flamenco
STEWISLAND,None,Stewart Island Flights
RLY,None,Air Loyaute
DVR,None,Divi Divi Air
TGVLYRIA,None,TGV Lyria
THELLO,None,Thello
GRUMAIR,None,Grumeti Air
EMETEBE,None,Emetebe Airlines
THALYS,None,Thalys
O4,None,Orange2Fly
SKYPASADA,None,Sky Pasada
NSI,None,NS
2C,0,SNCF
AMTRAK,None,Amtrak
RZD,None,Russian Railways 
BA,0,British Airways
8A,0,Atlas Blue
BP,0,Air Botswana
V8,0,ATRAN Cargo Airlines
CW,0,Air Marshall Islands
AEH,None, Aero4M
H8,0,Latin American Wings
MW,0,Mokulele Flight Service
EILAT,None,Eilat Shuttle
S7,0,S7 Airlines
ZJ,0,Zambezi Airlines (ZMA)
6F,1,Primera Air Nordic
GEORGIBUS,None,Georgian Bus
ZP,0,Amaszonas del Paraguay S.A. Lineas Aereas
IG,1,Air Italy
NAVETTE,None,Navette de Vatry
INTERGLOB,None,Follow me! Interglobus
MICCOLIS,None,Miccolis
CILENTO,None,Cilento
GP,0,APG Airlines
LTKRONOTRN,None,LT Kronoberg
K5,0,Silverstone Air
A8,None,Aerolink Uganda
Y6,None,AB Aviation
UNIAIR,None,Unity Air
EUROSTAR,None,Eurostar
MAV,None,MAV
FLYSAFARI,None,Fly Safari Airlink
XLL,None,Air Excel Limited
RHONEXP,None,Rhônexpress
J2,0,Azerbaijan Airlines
RV,0,Caspian Airlines
C0,0,Centralwings
DL,0,Delta Air Lines
FP,0,Pelican Airlines
SP,0,SATA Air Acores
Y5,1,Golden Myanmar Airlines
YT,0,Yeti Airways
SMSFLUG,None,SMS Flughafen
FLZ,None,Flightlink
7D,None,Madagasikara Airways
GRENADINE,None,Grenadine Airways
CRAVIATION,None,CR Aviation
SBB,None,SBB
CFLB,None,CFL
COMBOIOS,None,Comboios de Portugal
U3,0,Avies
FI,0,Icelandair
XR,0,Corendon Airlines Europe
IS,0,Fly Ais Airlines
IF,0,Fly Baghdad Airlines
DSB,None,DSB
VZ,0,Thai Vietjet
SC,0,Shandong Airlines
CFLT,None,CFL
R6,0,RACSA
RW,0,Republic Airlines
JZ,0,Skyways Express
T2,0,Thai Air Cargo
C2,0,CanXplorer
6I,0,Alsie Express
TN,0,Air Tahiti Nui
ID,1,Batik Air
DF,0,Michael Airlines
Q5,0,40-Mile Air
NQ,0,Air Japan
EP,0,Iran Aseman Airlines
IE,0,Solomon Airlines
V5,0,Aerovías DAP
SH,0,Sharp Airlines
MT,1,Thomas Cook Airlines
4A,0,Air Kiribati
WC,0,Islena De Inversiones
T5,0,Turkmenistan Airlines
XF,0,Vladivostok Air
LC,0,Varig Log
7W,0,Windrose Airlines
AT,0,Royal Air Maroc
7C,1,Jeju Air
I2,0,Iberia Express
S2,0,Jet Konnect
TZ,1,Scoot - old
HP,0,America West Airlines
F7,0,Etihad Regional
6H,0,Israir
HY,0,Uzbekistan Airways
8V,0,Astral Aviation
8T,0,Air Tindi
ZW,0,Air Wisconsin
GI,0,Itek Air
JD,0,Beijing Capital Airlines
V2,0,Vision Airlines
ZV,1,V Air
U9,0,Tatarstan Airlines
JC,0,JAL Express
UB,0,Myanmar National Airlines
DS,0,EasyJet (DS)
6O,0,Orbest
YN,0,Air Creebec
TM,0,LAM Mozambique Airlines
7V,0,Federal Airlines
VD,0,Air Libert
JO,0,JALways
E2,0,Eurowings Europe
PB,0,Provincial Airlines
V4,0,Vieques Air Link
P1,0,Regional Sky
0V,0,VASCO
PX,0,Air Niugini
EG,0,Ernest Airlines
7J,1,Tajik Air
QD,0,JC International Airlines
N6,0,Nomad Aviation
F2,0,Safarilink Aviation
ZD,0,EWA Air
4W,0,Allied Air
VH,0,Viva Air
PKP,None,PKP Intercity
ST,1,Germania
WG,1,Sunwing
OUIGO,0,Ouigo
DB,0,Brit Air
ZSSK,None,Slovak rail
JU,0,Air Serbia
JT,1,Lion Air
UL,0,SriLankan Airlines
ML,1,Air Mediterranee
B1,0,Baltic Air lines
WV,0,Aero VIP
J1,0,One Jet
AV,0,Avianca
BR,1,EVA Air
7I,1,Insel Air
ZB,1,Monarch
9N,0,Tropic Air Limited
PN,1,West Air China
LX,0,Swiss International Air Lines
HX,1,Hong Kong Airlines
TX,0,Air Caraïbes
G9,1,Air Arabia
J7,1,Afrijet Business Service
SG,1,Spicejet
AW,1,Africa World Airlines
GT,1,Air Guilin
AB,1,Air Berlin
EL,1,Ellinair
VJ,1,VietJet Air
DR,1,Ruili Airlines
MH,1,Malaysia Airlines
K9,1,KrasAvia (old iata)
CA,0,Air China
R3,1,Yakutia Airlines
OR,1,TUI Airlines Netherlands
6R,1,Alrosa
5C,1,Nature Air
MJ,1,Myway Airlines
8L,1,Lucky air
3K,0,Jetstar Asia Airways
XY,1,flynas
NL,1,Shaheen Air International
EB,1,Wamos Air
DV,1,Scat Air
WS,1,WestJet
YC,1,Yamal Air
FA,1,Fly Safair
YZ,0,Alas Uruguay
9C,1,Spring Airlines
Z6,1,Dniproavia
JX,1,Jambojet
5Z,1,Cem Air
N4,0,Nordwind Airlines
5W,0,WESTBahn
5O,0,ASL Airlines France
9V,0,Avior Airlines
BE,1,flybe
MM,1,Peach Aviation
9W,0,Jet Airways
S8,1,SkyWise
JEFFERSON,None,Jefferson Lines
XN,0,Xpressair
W4,1,LC Perú
CM,0,Copa Airlines
MO,1,Calm Air
BT,1,airBaltic
DC,1,Braathens Regional Airways
LJ,1,Jin Air
X9,0,Fake Airline
G3,1,Gol Transportes Aéreos
OZ,0,Asiana Airlines
ED,1,Airblue
NZ,1,Air New Zealand
VQ,1,Novoair
5N,1,NordAvia
IX,1,Air India Express
KK,1,AtlasGlobal
PG,1,Bangkok Airways
KX,0,Cayman Airways
CO,0,Cobalt Air
DP,1,Pobeda
KL,0,KLM Royal Dutch Airlines
KQ,0,Kenya Airways
8M,0,Myanmar Airways
ME,0,Middle East Airlines
OX,1,Orient Thai Airlines
OL,0,Ostfriesische Lufttransport
BI,0,Royal Brunei Airlines
WB,0,Rwandair Express
SI,0,Blue Islands
BC,1,Skymark Airlines
8R,1,Sol Líneas Aéreas
BX,1,Air Busan
K7,0,Air KBZ
OD,1,Malindo Air
I4,0,I-Fly
YJ,1,Asian Wings Air
RX,1,Regent Airways
2G,1,Angara airlines
7R,1,Rusline
JW,1,Vanilla Air
ZI,0,Aigle Azur
BM,0,flybmi
PF,1,Primera Air
B6,1,JetBlue Airways
JV,0,Bearskin Lake Air Service
3Q,0,Yunnan Airlines
PW,0,Precision Air
KP,0,ASKY Airlines
KU,0,Kuwait Airways
TP,0,TAP Portugal
JL,0,Japan Airlines
OJ,0,Fly Jamaica Airways
AQ,1,9 Air
Q7,0,Sky Bahamas
IB,0,Iberia Airlines
AF,0,Air France
SN,0,Brussels Airlines
AI,0,Air India Limited
7M,0,MAP Linhas Aéreas
3S,0,Air Antilles Express
P9,1,Peruvian Airlines
DD,1,Nok Air
TL,1,Airnorth
SK,0,SAS
QK,0,Air Canada Jazz
KC,0,Air Astana
VW,0,Aeromar
B3,0,Bhutan Airlines
QW,0,Qingdao Airlines
WP,0,Island Air
CP,0,Compass Airlines
CF,0,City Airline
D8,0,Norwegian International
HO,1,Juneyao Airlines
KD,0,Kalstar Aviation
TF,0,Braathens Regional Aviation
QS,1,SmartWings
9R,1,SATENA
6W,1,Saratov Aviation Division
TR,1,Scoot
TO,0,Transavia France
B0,0,Aws express
3M,1,Silver Airways
JP,0,Adria Airways
VY,1,Vueling
IP,0,Island Spirit
TB,1,tuifly.be
W6,1,Wizzair
EW,1,Eurowings
U2,1,easyJet
FO,1,Flybondi
FC,1,Fly Corporate
UO,1,Hong Kong Express Airways
UK,0,Air Vistara
FD,0,Thai AirAsia
BURLINGTON,None,Burlington Trailways
2Z,1,Passaredo
SL,1,Thai Lion Air
DE,1,Condor
CN,0,Canadian National Airways
HV,1,Transavia
WM,0,Windward Islands Airways
4U,1,germanwings
PC,1,Pegasus
DY,1,Norwegian
X3,1,TUIfly
BV,1,Blue Panorama
AM,0,AeroMéxico
AR,0,Aerolineas Argentinas
AK,1,AirAsia
AZ,0,Alitalia
LK,0,Lao Skyway
UP,1,Bahamasair
5J,1,Cebu Pacific
RP,0,Chautauqua Airlines
LY,1,El Al Israel Airlines
F9,1,Frontier Airlines
FY,1,Firefly
QZ,0,Indonesia AirAsia
3L,1,Intersky
J9,1,Jazeera Airways
JQ,1,Jetstar Airways
UE,0,Nasair
R2,1,Orenburg Airlines
BL,0,Jetstar Pacific
H2,1,Sky Airline
UN,1,Transaero Airlines
UT,1,UTair
DH,0,Dennis Sky
TW,1,Tway Airlines
4O,1,Interjet
1D,1,Aerolinea de Antioquia
3H,1,AirInuit
